{"resourceType":"dashboard","dashboardId":"c6017bc0-7c84-4bfb-bb8b-d2359e3f9b21","name":"Test / Order Imported ","themeArn":"arn:aws:quicksight:eu-west-1:058264454086:theme/df9a2fb2-391f-42f7-a259-995affadb82a","definition":{"dataSetIdentifierDeclarations":[{"identifier":"spy_sales_discount","dataSetArn":"arn:aws:quicksight:eu-west-1:058264454086:dataset/3f09260b-8b97-441e-88f2-588d4d221b2f"},{"identifier":"spy_sales_order_totals","dataSetArn":"arn:aws:quicksight:eu-west-1:058264454086:dataset/767563cf-9428-48f3-8540-50c079135d70"},{"identifier":"Discounts","dataSetArn":"arn:aws:quicksight:eu-west-1:058264454086:dataset/a587d851-8448-4ac9-86c7-b08fd32b6bfe"},{"identifier":"spy_sales_order","dataSetArn":"arn:aws:quicksight:eu-west-1:058264454086:dataset/b9d09014-480c-49a3-b1f2-d0499f1eece2"}],"sheets":[{"sheetId":"c6017bc0-7c84-4bfb-bb8b-d2359e3f9b21_b6eb54a3-ec90-4932-99b1-84114c8b2ad4","name":"Sheet 1","filterControls":[{"relativeDateTime":{"filterControlId":"6d93db48-60b0-47e9-8bbc-b5a03db37547","title":"created_at","sourceFilterId":"f8699420-e61b-411e-8662-39d1a29a7ccb"}}],"visuals":[{"kpivisual":{"visualId":"c6017bc0-7c84-4bfb-bb8b-d2359e3f9b21_21f69b42-0cf8-4290-92d0-4e56e8472977","title":{"visibility":"VISIBLE","formatText":{"richText":"<visual-title>\n  <b>Sales Comparison</b>\n</visual-title>"}},"subtitle":{"visibility":"VISIBLE"},"chartConfiguration":{"fieldWells":{"values":[{"numericalMeasureField":{"fieldId":"2fc723bd-7197-4bf0-9397-6070c9eedced.0.1722443453395","column":{"dataSetIdentifier":"spy_sales_order_totals","columnName":"Formatted Grand Total"},"aggregationFunction":{"simpleNumericalAggregation":"SUM"},"formatConfiguration":{"formatConfiguration":{"currencyDisplayFormatConfiguration":{"separatorConfiguration":{"decimalSeparator":"COMMA","thousandsSeparator":{"symbol":"DOT","visibility":"VISIBLE"}},"symbol":"EUR","decimalPlacesConfiguration":{"decimalPlaces":2},"negativeValueConfiguration":{"displayMode":"POSITIVE"},"nullValueFormatConfiguration":{"nullString":"null"}}}}}}],"targetValues":[],"trendGroups":[{"dateDimensionField":{"fieldId":"8bf04bba-90c6-47b3-b8e1-473e50a95729.created_at.1.1722857275602","column":{"dataSetIdentifier":"spy_sales_order_totals","columnName":"created_at"},"dateGranularity":"DAY","hierarchyId":"8bf04bba-90c6-47b3-b8e1-473e50a95729.created_at.1.1722857275602"}}]},"sortConfiguration":{"trendGroupSort":[{"fieldSort":{"fieldId":"8bf04bba-90c6-47b3-b8e1-473e50a95729.created_at.1.1722857275602","direction":"DESC"}}]},"kpioptions":{"progressBar":{"visibility":"VISIBLE"},"comparison":{"comparisonMethod":"PERCENT"},"primaryValueDisplayType":"COMPARISON","secondaryValueFontConfiguration":{"fontSize":{"relative":"EXTRA_LARGE"}},"visualLayoutOptions":{"standardLayout":{"type":"CLASSIC"}}}},"conditionalFormatting":{"conditionalFormattingOptions":[{"comparisonValue":{"textColor":{"solid":{"expression":"percentDifference(SUM({Formatted Grand Total}),[SUM({Formatted Grand Total}) DESC],1,[]) > 0.0","color":"#2CAD00"}}}},{"comparisonValue":{"textColor":{"solid":{"expression":"percentDifference(SUM({Formatted Grand Total}),[SUM({Formatted Grand Total}) DESC],1,[]) < 0.0","color":"#DE3B00"}}}},{"comparisonValue":{"icon":{"customCondition":{"expression":"percentDifference(SUM({Formatted Grand Total}),[SUM({Formatted Grand Total}) DESC],1,[]) > 0.0","iconOptions":{"icon":"CARET_UP"},"color":"#2CAD00"}}}},{"comparisonValue":{"icon":{"customCondition":{"expression":"percentDifference(SUM({Formatted Grand Total}),[SUM({Formatted Grand Total}) DESC],1,[]) < 0.0","iconOptions":{"icon":"CARET_DOWN"},"color":"#DE3B00"}}}}]},"actions":[],"columnHierarchies":[{"dateTimeHierarchy":{"hierarchyId":"8bf04bba-90c6-47b3-b8e1-473e50a95729.created_at.1.1722857275602"}}]}},{"comboChartVisual":{"visualId":"c6017bc0-7c84-4bfb-bb8b-d2359e3f9b21_42fbf0f1-2851-4fc6-84e2-1ff4f9c3c58a","title":{"visibility":"VISIBLE","formatText":{"richText":"<visual-title>\n  <b>Average order value</b>\n</visual-title>"}},"subtitle":{"visibility":"VISIBLE"},"chartConfiguration":{"fieldWells":{"comboChartAggregatedFieldWells":{"category":[{"dateDimensionField":{"fieldId":"8bf04bba-90c6-47b3-b8e1-473e50a95729.created_at.1.1722598298293","column":{"dataSetIdentifier":"spy_sales_order_totals","columnName":"created_at"},"hierarchyId":"8bf04bba-90c6-47b3-b8e1-473e50a95729.created_at.1.1722598298293"}}],"barValues":[{"numericalMeasureField":{"fieldId":"2fc723bd-7197-4bf0-9397-6070c9eedced.1.1722598310814","column":{"dataSetIdentifier":"spy_sales_order_totals","columnName":"Formatted Grand Total"},"aggregationFunction":{"simpleNumericalAggregation":"AVERAGE"}}}],"colors":[],"lineValues":[]}},"sortConfiguration":{"categorySort":[{"fieldSort":{"fieldId":"8bf04bba-90c6-47b3-b8e1-473e50a95729.created_at.1.1722598298293","direction":"ASC"}}],"categoryItemsLimit":{"otherCategories":"INCLUDE"},"colorItemsLimit":{"otherCategories":"INCLUDE"}},"barsArrangement":"CLUSTERED","categoryAxis":{"scrollbarOptions":{"visibleRange":{"percentRange":{"from":0.0,"to":100.0}}}},"barDataLabels":{"visibility":"HIDDEN","overlap":"DISABLE_OVERLAP"},"tooltip":{"tooltipVisibility":"VISIBLE","selectedTooltipType":"DETAILED","fieldBasedTooltip":{"aggregationVisibility":"HIDDEN","tooltipTitleType":"PRIMARY_VALUE","tooltipFields":[{"fieldTooltipItem":{"fieldId":"8bf04bba-90c6-47b3-b8e1-473e50a95729.created_at.1.1722598298293","visibility":"VISIBLE"}},{"fieldTooltipItem":{"fieldId":"2fc723bd-7197-4bf0-9397-6070c9eedced.1.1722598310814","visibility":"VISIBLE"}}]}}},"actions":[],"columnHierarchies":[{"dateTimeHierarchy":{"hierarchyId":"8bf04bba-90c6-47b3-b8e1-473e50a95729.created_at.1.1722598298293"}}]}},{"kpivisual":{"visualId":"c6017bc0-7c84-4bfb-bb8b-d2359e3f9b21_37461d49-5a9d-4207-a844-3d6449aef5a0","title":{"visibility":"VISIBLE","formatText":{"richText":"<visual-title>\n  <b>Total Sales</b>\n</visual-title>"}},"subtitle":{"visibility":"VISIBLE"},"chartConfiguration":{"fieldWells":{"values":[{"numericalMeasureField":{"fieldId":"2fc723bd-7197-4bf0-9397-6070c9eedced.0.1722443453395","column":{"dataSetIdentifier":"spy_sales_order_totals","columnName":"Formatted Grand Total"},"aggregationFunction":{"simpleNumericalAggregation":"SUM"},"formatConfiguration":{"formatConfiguration":{"currencyDisplayFormatConfiguration":{"separatorConfiguration":{"decimalSeparator":"COMMA","thousandsSeparator":{"symbol":"DOT","visibility":"VISIBLE"}},"symbol":"EUR","decimalPlacesConfiguration":{"decimalPlaces":2},"negativeValueConfiguration":{"displayMode":"POSITIVE"},"nullValueFormatConfiguration":{"nullString":"null"}}}}}}],"targetValues":[],"trendGroups":[]},"sortConfiguration":{},"kpioptions":{"comparison":{"comparisonMethod":"PERCENT_DIFFERENCE"},"primaryValueDisplayType":"ACTUAL","secondaryValueFontConfiguration":{"fontSize":{"relative":"EXTRA_LARGE"}},"sparkline":{"visibility":"VISIBLE","type":"AREA"},"visualLayoutOptions":{"standardLayout":{"type":"VERTICAL"}}}},"actions":[],"columnHierarchies":[]}},{"lineChartVisual":{"visualId":"c6017bc0-7c84-4bfb-bb8b-d2359e3f9b21_0bf1cd06-c8c0-4761-9fa2-cdb4d3320d20","title":{"visibility":"VISIBLE","formatText":{"richText":"<visual-title>\n  <b>Number of orders</b>\n</visual-title>"}},"subtitle":{"visibility":"VISIBLE"},"chartConfiguration":{"fieldWells":{"lineChartAggregatedFieldWells":{"category":[{"dateDimensionField":{"fieldId":"40250c08-490d-4fdc-a182-a9c56274033a.created_at.1.1722597375639","column":{"dataSetIdentifier":"spy_sales_order","columnName":"created_at"},"hierarchyId":"40250c08-490d-4fdc-a182-a9c56274033a.created_at.1.1722597375639"}}],"values":[{"numericalMeasureField":{"fieldId":"40250c08-490d-4fdc-a182-a9c56274033a.id_sales_order.0.1722597349514","column":{"dataSetIdentifier":"spy_sales_order","columnName":"id_sales_order"},"aggregationFunction":{"simpleNumericalAggregation":"COUNT"}}}],"colors":[]}},"sortConfiguration":{"categorySort":[{"fieldSort":{"fieldId":"40250c08-490d-4fdc-a182-a9c56274033a.created_at.1.1722597375639","direction":"DESC"}}],"categoryItemsLimitConfiguration":{"otherCategories":"INCLUDE"},"colorItemsLimitConfiguration":{"otherCategories":"INCLUDE"},"smallMultiplesLimitConfiguration":{"otherCategories":"INCLUDE"}},"type":"LINE","primaryYAxisLabelOptions":{"axisLabelOptions":[{"customLabel":"Number of orders","applyTo":{"fieldId":"40250c08-490d-4fdc-a182-a9c56274033a.id_sales_order.0.1722597349514","column":{"dataSetIdentifier":"spy_sales_order","columnName":"id_sales_order"}}}]},"dataLabels":{"visibility":"HIDDEN","overlap":"DISABLE_OVERLAP"},"tooltip":{"tooltipVisibility":"VISIBLE","selectedTooltipType":"DETAILED","fieldBasedTooltip":{"aggregationVisibility":"HIDDEN","tooltipTitleType":"PRIMARY_VALUE","tooltipFields":[{"fieldTooltipItem":{"fieldId":"40250c08-490d-4fdc-a182-a9c56274033a.created_at.1.1722597375639","visibility":"VISIBLE"}},{"fieldTooltipItem":{"fieldId":"40250c08-490d-4fdc-a182-a9c56274033a.id_sales_order.0.1722597349514","label":"Number of orders","visibility":"VISIBLE"}}]}},"xaxisDisplayOptions":{"tickLabelOptions":{"labelOptions":{"visibility":"VISIBLE"}}},"xaxisLabelOptions":{"axisLabelOptions":[{"customLabel":"Date","applyTo":{"fieldId":"40250c08-490d-4fdc-a182-a9c56274033a.created_at.1.1722597375639","column":{"dataSetIdentifier":"spy_sales_order","columnName":"created_at"}}}]}},"actions":[],"columnHierarchies":[{"dateTimeHierarchy":{"hierarchyId":"40250c08-490d-4fdc-a182-a9c56274033a.created_at.1.1722597375639"}}]}},{"barChartVisual":{"visualId":"c6017bc0-7c84-4bfb-bb8b-d2359e3f9b21_cfe0af87-7d3a-406d-b300-89004b429154","title":{"visibility":"VISIBLE","formatText":{"richText":"<visual-title>\n  <b>Value of orders</b>\n</visual-title>"}},"subtitle":{"visibility":"VISIBLE"},"chartConfiguration":{"fieldWells":{"barChartAggregatedFieldWells":{"category":[{"dateDimensionField":{"fieldId":"8bf04bba-90c6-47b3-b8e1-473e50a95729.created_at.1.1722598298293","column":{"dataSetIdentifier":"spy_sales_order_totals","columnName":"created_at"},"hierarchyId":"8bf04bba-90c6-47b3-b8e1-473e50a95729.created_at.1.1722598298293"}}],"values":[{"numericalMeasureField":{"fieldId":"2fc723bd-7197-4bf0-9397-6070c9eedced.1.1722598310814","column":{"dataSetIdentifier":"spy_sales_order_totals","columnName":"Formatted Grand Total"},"aggregationFunction":{"simpleNumericalAggregation":"SUM"}}}],"colors":[]}},"sortConfiguration":{"categorySort":[{"fieldSort":{"fieldId":"8bf04bba-90c6-47b3-b8e1-473e50a95729.created_at.1.1722598298293","direction":"ASC"}}],"categoryItemsLimit":{"otherCategories":"INCLUDE"},"colorItemsLimit":{"otherCategories":"INCLUDE"},"smallMultiplesLimitConfiguration":{"otherCategories":"INCLUDE"}},"orientation":"VERTICAL","barsArrangement":"CLUSTERED","dataLabels":{"visibility":"HIDDEN","overlap":"DISABLE_OVERLAP"},"tooltip":{"tooltipVisibility":"VISIBLE","selectedTooltipType":"DETAILED","fieldBasedTooltip":{"aggregationVisibility":"HIDDEN","tooltipTitleType":"PRIMARY_VALUE","tooltipFields":[{"fieldTooltipItem":{"fieldId":"8bf04bba-90c6-47b3-b8e1-473e50a95729.created_at.1.1722598298293","visibility":"VISIBLE"}},{"fieldTooltipItem":{"fieldId":"2fc723bd-7197-4bf0-9397-6070c9eedced.1.1722598310814","visibility":"VISIBLE"}}]}}},"actions":[],"columnHierarchies":[{"dateTimeHierarchy":{"hierarchyId":"8bf04bba-90c6-47b3-b8e1-473e50a95729.created_at.1.1722598298293"}}]}},{"tableVisual":{"visualId":"c6017bc0-7c84-4bfb-bb8b-d2359e3f9b21_69c67026-49e4-4d72-8144-0e236e47e958","title":{"visibility":"VISIBLE","formatText":{"richText":"<visual-title>Discounts by applied amount</visual-title>"}},"subtitle":{"visibility":"VISIBLE"},"chartConfiguration":{"fieldWells":{"tableAggregatedFieldWells":{"groupBy":[{"categoricalDimensionField":{"fieldId":"62c4d1c2-9c7f-43d0-8000-6e4550dac83c.display_name.0.1722855758108","column":{"dataSetIdentifier":"spy_sales_discount","columnName":"display_name"}}}],"values":[{"numericalMeasureField":{"fieldId":"029cc541-a1e5-44cf-90ea-396931ce065e.2.1722855891963","column":{"dataSetIdentifier":"spy_sales_discount","columnName":"Formatted Amount"},"aggregationFunction":{"simpleNumericalAggregation":"SUM"},"formatConfiguration":{"formatConfiguration":{"currencyDisplayFormatConfiguration":{"separatorConfiguration":{"decimalSeparator":"DOT","thousandsSeparator":{"symbol":"COMMA","visibility":"VISIBLE"}},"symbol":"EUR","decimalPlacesConfiguration":{"decimalPlaces":2},"negativeValueConfiguration":{"displayMode":"POSITIVE"},"nullValueFormatConfiguration":{"nullString":"null"}}}}}}]}},"sortConfiguration":{"rowSort":[{"fieldSort":{"fieldId":"029cc541-a1e5-44cf-90ea-396931ce065e.2.1722855891963","direction":"DESC"}}]}},"actions":[]}}],"layouts":[{"configuration":{"gridLayout":{"elements":[{"elementId":"c6017bc0-7c84-4bfb-bb8b-d2359e3f9b21_37461d49-5a9d-4207-a844-3d6449aef5a0","elementType":"VISUAL","columnIndex":0,"columnSpan":6,"rowIndex":0,"rowSpan":6},{"elementId":"c6017bc0-7c84-4bfb-bb8b-d2359e3f9b21_21f69b42-0cf8-4290-92d0-4e56e8472977","elementType":"VISUAL","columnIndex":6,"columnSpan":6,"rowIndex":0,"rowSpan":6},{"elementId":"c6017bc0-7c84-4bfb-bb8b-d2359e3f9b21_0bf1cd06-c8c0-4761-9fa2-cdb4d3320d20","elementType":"VISUAL","columnIndex":12,"columnSpan":12,"rowIndex":0,"rowSpan":6},{"elementId":"c6017bc0-7c84-4bfb-bb8b-d2359e3f9b21_cfe0af87-7d3a-406d-b300-89004b429154","elementType":"VISUAL","columnIndex":0,"columnSpan":12,"rowIndex":6,"rowSpan":7},{"elementId":"c6017bc0-7c84-4bfb-bb8b-d2359e3f9b21_42fbf0f1-2851-4fc6-84e2-1ff4f9c3c58a","elementType":"VISUAL","columnIndex":12,"columnSpan":12,"rowIndex":6,"rowSpan":7},{"elementId":"c6017bc0-7c84-4bfb-bb8b-d2359e3f9b21_69c67026-49e4-4d72-8144-0e236e47e958","elementType":"VISUAL","columnIndex":0,"columnSpan":8,"rowIndex":13,"rowSpan":5}],"canvasSizeOptions":{"screenCanvasSizeOptions":{"resizeOption":"FIXED","optimizedViewPortWidth":"1600px"}}}}}],"sheetControlLayouts":[{"configuration":{"gridLayout":{"elements":[{"elementId":"6d93db48-60b0-47e9-8bbc-b5a03db37547","elementType":"FILTER_CONTROL","columnIndex":0,"columnSpan":4,"rowIndex":0,"rowSpan":1}]}}}],"contentType":"INTERACTIVE"}],"calculatedFields":[{"dataSetIdentifier":"spy_sales_discount","name":"Formatted Amount","expression":"amount/100"},{"dataSetIdentifier":"spy_sales_order_totals","name":"Formatted Grand Total","expression":"{grand_total}/100"},{"dataSetIdentifier":"spy_sales_order_totals","name":"Orders Sum Grand Total","expression":"sum({grand_total})"},{"dataSetIdentifier":"spy_sales_order_totals","name":"inttodec","expression":"intToDecimal({grand_total})"}],"parameterDeclarations":[],"filterGroups":[{"filterGroupId":"caf61352-9593-462a-88c3-66ec592bd689","filters":[{"relativeDatesFilter":{"filterId":"f8699420-e61b-411e-8662-39d1a29a7ccb","column":{"dataSetIdentifier":"spy_sales_order_totals","columnName":"created_at"},"anchorDateConfiguration":{"anchorOption":"NOW"},"minimumGranularity":"DAY","timeGranularity":"YEAR","relativeDateType":"THIS","nullOption":"NON_NULLS_ONLY"}}],"scopeConfiguration":{"selectedSheets":{"sheetVisualScopingConfigurations":[{"sheetId":"c6017bc0-7c84-4bfb-bb8b-d2359e3f9b21_b6eb54a3-ec90-4932-99b1-84114c8b2ad4","scope":"ALL_VISUALS"}]}},"status":"ENABLED","crossDataset":"ALL_DATASETS"}],"analysisDefaults":{"defaultNewSheetConfiguration":{"interactiveLayoutConfiguration":{"grid":{"canvasSizeOptions":{"screenCanvasSizeOptions":{"resizeOption":"FIXED","optimizedViewPortWidth":"1600px"}}}},"sheetContentType":"INTERACTIVE"}},"options":{"weekStart":"SUNDAY"}},"dashboardPublishOptions":{"adHocFilteringOption":{"availabilityStatus":"DISABLED"},"exportToCSVOption":{"availabilityStatus":"ENABLED"},"sheetControlsOption":{"visibilityState":"COLLAPSED"},"sheetLayoutElementMaximizationOption":{"availabilityStatus":"ENABLED"},"visualMenuOption":{"availabilityStatus":"ENABLED"},"visualAxisSortOption":{"availabilityStatus":"ENABLED"},"exportWithHiddenFieldsOption":{"availabilityStatus":"DISABLED"},"dataPointDrillUpDownOption":{"availabilityStatus":"ENABLED"},"dataPointMenuLabelOption":{"availabilityStatus":"ENABLED"},"dataPointTooltipOption":{"availabilityStatus":"ENABLED"}},"validationStrategy":{"mode":"LENIENT"},"linkEntities":["arn:aws:quicksight:eu-west-1:058264454086:analysis/a336a141-886c-42ad-b4d6-077514e27a13"]}